accuracy,pos_precision,pos_recall,pos_f1,neg_precision,neg_recall,neg_f1,f1_macro,f1_micro,f1_weighted
0.7235788630904724,0.7471671388101983,0.7598127475693194,0.7534368862703089,0.6929097605893186,0.6782334384858044,0.6854930539740378,0.7194649701221734,0.7235788630904724,0.7232592714053319
