accuracy,pos_precision,pos_recall,pos_f1,neg_precision,neg_recall,neg_f1,f1_macro,f1_micro,f1_weighted
0.7182873149259704,0.7410682702511496,0.7560447491880188,0.7484816005716327,0.688622754491018,0.6713066906151773,0.6798544793087767,0.7141680399402047,0.7182873149259704,0.7179028492606322
