accuracy,pos_precision,pos_recall,pos_f1,neg_precision,neg_recall,neg_f1,f1_macro,f1_micro,f1_weighted
0.7465972778222578,0.7636998254799302,0.7879006121714079,0.7756114852889047,0.7236039418113561,0.6949076160432627,0.7089655172413794,0.742288501265142,0.7465972778222578,0.746010323740174
