accuracy,pos_precision,pos_recall,pos_f1,neg_precision,neg_recall,neg_f1,f1_macro,f1_micro,f1_weighted
0.8629451780712285,0.9295716639209226,0.8145073980512451,0.868243893056357,0.8,0.9232150875617423,0.8572024181780279,0.8627231556171924,0.8629451780712285,0.8633240522092104
