accuracy,pos_precision,pos_recall,pos_f1,neg_precision,neg_recall,neg_f1,f1_macro,f1_micro,f1_weighted
0.8650920736589272,0.870899470899471,0.8890889449045732,0.8799002138275125,0.8574733919481722,0.8350608382154123,0.8461187214611872,0.8630094676443498,0.8650920736589272,0.8648959841315805
