accuracy,pos_precision,pos_recall,pos_f1,neg_precision,neg_recall,neg_f1,f1_macro,f1_micro,f1_weighted
0.8637454981992797,0.8623439667128987,0.8975099242150848,0.8795755968169762,0.8656575212866604,0.8217332734620566,0.8431237042156186,0.8613496505162974,0.8637454981992797,0.8633334269843985
