accuracy,pos_precision,pos_recall,pos_f1,neg_precision,neg_recall,neg_f1,f1_macro,f1_micro,f1_weighted
0.8556845476381105,0.8581881533101046,0.8869283399351818,0.8723215866831946,0.852304797742239,0.8165840468679585,0.8340621403912544,0.8531918635372244,0.8556845476381105,0.8553284499094125
