accuracy,pos_precision,pos_recall,pos_f1,neg_precision,neg_recall,neg_f1,f1_macro,f1_micro,f1_weighted
0.8681472589035614,0.8682008368200836,0.8985925658607001,0.8831353076786664,0.868075117370892,0.8302649303996408,0.8487491393160431,0.8659422234973548,0.8681472589035614,0.8678135795987221
