accuracy,pos_precision,pos_recall,pos_f1,neg_precision,neg_recall,neg_f1,f1_macro,f1_micro,f1_weighted
0.9036423145062007,0.9028299391695319,0.9255965292841648,0.9140714955147945,0.9047089873593555,0.8764044943820225,0.8903318410170534,0.902201668265924,0.9036423145062007,0.9034765795973118
