accuracy,pos_precision,pos_recall,pos_f1,neg_precision,neg_recall,neg_f1,f1_macro,f1_micro,f1_weighted
0.8592874299439551,0.8664310954063604,0.8829672308246309,0.8746210094524701,0.8499538319482918,0.8296529968454258,0.8396807297605473,0.8571508696065087,0.8592874299439551,0.8591020981961898
