accuracy,pos_precision,pos_recall,pos_f1,neg_precision,neg_recall,neg_f1,f1_macro,f1_micro,f1_weighted
0.8560848678943155,0.9338111298482293,0.7976233345336694,0.8603612351912993,0.7858231707317073,0.9292474087426769,0.8515383027049349,0.855949768948117,0.8560848678943155,0.8564424827518994
