accuracy,pos_precision,pos_recall,pos_f1,neg_precision,neg_recall,neg_f1,f1_macro,f1_micro,f1_weighted
0.8757469297060325,0.9381740196078432,0.8303145336225597,0.8809551208285386,0.8157569334039922,0.9321133014869138,0.870062174213402,0.8755086475209704,0.8757469297060325,0.8760936409155946
