dev_loss,dev_model_preparation_time,dev_accuracy,dev_pos_precision,dev_pos_recall,dev_pos_f1,dev_neg_precision,dev_neg_recall,dev_neg_f1,dev_f1_macro,dev_f1_micro,dev_f1_weighted,dev_runtime,dev_samples_per_second,dev_steps_per_second,epoch
0.5850157737731934,0.001,0.8354244206987633,0.8450741666223617,0.8608643847487002,0.8528961983205001,0.8229130764458538,0.8037974683544303,0.8132429578664123,0.8330695780934563,0.8354244206987633,0.835219108417027,489.9989,67.992,2.127,3.0
