dev_loss,dev_model_preparation_time,dev_accuracy,dev_pos_precision,dev_pos_recall,dev_pos_f1,dev_neg_precision,dev_neg_recall,dev_neg_f1,dev_f1_macro,dev_f1_micro,dev_f1_weighted,dev_runtime,dev_samples_per_second,dev_steps_per_second
0.7086701393127441,0.001,0.47274582783047187,0.5709096651926722,0.1957863951473137,0.29157928698177127,0.44971093981618737,0.8170616751952599,0.5801223826369634,0.4358508348093673,0.47274582783047187,0.42020943635957514,471.9326,70.595,2.208
