test_loss,test_model_preparation_time,test_accuracy,test_pos_precision,test_pos_recall,test_pos_f1,test_neg_precision,test_neg_recall,test_neg_f1,test_f1_macro,test_f1_micro,test_f1_weighted,test_runtime,test_samples_per_second,test_steps_per_second
0.7085383534431458,0.001,0.47632685939318,0.583794029379245,0.19856022348769745,0.2963319302465424,0.4513020450198617,0.8232136866823214,0.5829947972346946,0.43966336374061854,0.47632685939318,0.4238032161577691,468.034,71.617,2.239
