test_loss,test_model_preparation_time,test_accuracy,test_pos_precision,test_pos_recall,test_pos_f1,test_neg_precision,test_neg_recall,test_neg_f1,test_f1_macro,test_f1_micro,test_f1_weighted,test_runtime,test_samples_per_second,test_steps_per_second
0.7048352360725403,0.0017,0.47537217697425344,0.5474062471206118,0.3191683678951327,0.40323073268401943,0.4408806141357099,0.6704461590070446,0.5319528359639083,0.46759178432396387,0.47537217697425344,0.46046999845527586,1432.7417,23.395,0.731
