train_loss,train_model_preparation_time,train_accuracy,train_pos_precision,train_pos_recall,train_pos_f1,train_neg_precision,train_neg_recall,train_neg_f1,train_f1_macro,train_f1_micro,train_f1_weighted,train_runtime,train_samples_per_second,train_steps_per_second
0.701870858669281,0.0017,0.48271516024486855,0.5546165030897855,0.3309652928416486,0.41454965357967666,0.44726702508960575,0.6707202364955657,0.5366627244382325,0.47560618900895457,0.48271516024486855,0.469090853515421,1488.2069,22.392,0.7
