dev_loss,dev_model_preparation_time,dev_accuracy,dev_pos_precision,dev_pos_recall,dev_pos_f1,dev_neg_precision,dev_neg_recall,dev_neg_f1,dev_f1_macro,dev_f1_micro,dev_f1_weighted,dev_runtime,dev_samples_per_second,dev_steps_per_second
0.7121869325637817,0.0009,0.5536214485794317,0.5541082164328658,0.9978347167087694,0.7125370441953357,0.25,0.000898069151324652,0.0017897091722595079,0.3571633766837976,0.5536214485794317,0.39584350375988336,64.3969,77.612,2.438
