accuracy,pos_precision,pos_recall,pos_f1,neg_precision,neg_recall,neg_f1,f1_macro,f1_micro,f1_weighted
0.8401360544217688,0.8203378817413906,0.9112233850595453,0.8633954522140537,0.871875,0.7516838796587337,0.8073306004340487,0.8353630263240512,0.8401360544217688,0.8384141747202419
