accuracy,pos_precision,pos_recall,pos_f1,neg_precision,neg_recall,neg_f1,f1_macro,f1_micro,f1_weighted
0.7600080064051241,0.7614314115308151,0.8275117032769176,0.7930974978429681,0.7578361981799798,0.6755295178008112,0.7143197522039552,0.7537086250234617,0.7600080064051241,0.7581079426842472
