accuracy,pos_precision,pos_recall,pos_f1,neg_precision,neg_recall,neg_f1,f1_macro,f1_micro,f1_weighted
0.7637054821928771,0.765,0.8282208588957055,0.7953560907988217,0.7617617617617618,0.6834306241580602,0.720473372781065,0.7579147317899434,0.7637054821928771,0.7619899817500934
