accuracy,pos_precision,pos_recall,pos_f1,neg_precision,neg_recall,neg_f1,f1_macro,f1_micro,f1_weighted
0.6794717887154862,0.7208160181337363,0.6885600866113316,0.7043189368770764,0.6329221607826457,0.6681634485855411,0.6500655307994757,0.6771922338382761,0.6794717887154862,0.6801448001554244
