accuracy,pos_precision,pos_recall,pos_f1,neg_precision,neg_recall,neg_f1,f1_macro,f1_micro,f1_weighted
0.683947157726181,0.7256970610399397,0.6935541951746489,0.7092616461056895,0.6366353543979505,0.6719242902208202,0.6538039903529927,0.6815328182293412,0.683947157726181,0.6846298330321838
