accuracy,pos_precision,pos_recall,pos_f1,neg_precision,neg_recall,neg_f1,f1_macro,f1_micro,f1_weighted
0.7254901960784313,0.7439832577607255,0.7697582100324792,0.7566512947853848,0.700610042233693,0.6704086214638527,0.6851766865534649,0.7209139906694249,0.7254901960784313,0.7248037652670803
