accuracy,pos_precision,pos_recall,pos_f1,neg_precision,neg_recall,neg_f1,f1_macro,f1_micro,f1_weighted
0.8440681019727952,0.8414703304634737,0.8851409978308026,0.8627533895393398,0.8476916438947217,0.7931104083966898,0.8194932044909451,0.8411232970151424,0.8440681019727952,0.8434465363917468
