accuracy,pos_precision,pos_recall,pos_f1,neg_precision,neg_recall,neg_f1,f1_macro,f1_micro,f1_weighted
0.8779511804721889,0.8766120599512025,0.9076145795741609,0.8918439716312057,0.8797557538750587,0.8410417602155366,0.8599632690541782,0.875903620342692,0.8779511804721889,0.877638624564571
