accuracy,pos_precision,pos_recall,pos_f1,neg_precision,neg_recall,neg_f1,f1_macro,f1_micro,f1_weighted
0.8620896717373899,0.8683839096683134,0.886208138278718,0.8772054892176082,0.8538390379278445,0.8319062640829202,0.8427299703264095,0.8599677297720089,0.8620896717373899,0.8618930039454765
