accuracy,pos_precision,pos_recall,pos_f1,neg_precision,neg_recall,neg_f1,f1_macro,f1_micro,f1_weighted
0.8697478991596639,0.870888733379986,0.8982316853121617,0.8843489074435956,0.8682242990654205,0.8343062415806017,0.8509274101213647,0.8676381587824802,0.8697478991596639,0.8694570157796083
