dev_loss,dev_accuracy,dev_pos_precision,dev_pos_recall,dev_pos_f1,dev_neg_precision,dev_neg_recall,dev_neg_f1,dev_f1_macro,dev_f1_micro,dev_f1_weighted,dev_runtime,dev_samples_per_second,dev_steps_per_second,epoch
0.6602696776390076,0.6254501800720288,0.6941684665226782,0.5799350415012631,0.6319307904050334,0.5661572866194559,0.6820835204310732,0.6187372708757638,0.6253340306403986,0.6254501800720288,0.6260520453086581,143.4791,34.834,1.094,3.0
