test_loss,test_accuracy,test_pos_precision,test_pos_recall,test_pos_f1,test_neg_precision,test_neg_recall,test_neg_f1,test_f1_macro,test_f1_micro,test_f1_weighted,test_runtime,test_samples_per_second,test_steps_per_second,epoch
0.5621562600135803,0.8418734987990393,0.849454801266268,0.8696435001800504,0.8594306049822064,0.8318625174175569,0.8071203244704822,0.8193046660567246,0.8393676355194655,0.8418734987990393,0.8416084555675458,145.7187,34.285,1.077,3.0
