train_loss,train_model_preparation_time,train_accuracy,train_pos_precision,train_pos_recall,train_pos_f1,train_neg_precision,train_neg_recall,train_neg_f1,train_f1_macro,train_f1_micro,train_f1_weighted,train_runtime,train_samples_per_second,train_steps_per_second,epoch
0.048861630260944366,0.001,0.9856169113893644,0.985826345685691,0.9882321041214751,0.9870277589708869,0.9853556485355649,0.9823723339837179,0.9838617297260874,0.9854447443484872,0.9856169113893644,0.9856147723731195,471.4819,70.635,2.208,3.0
