train_loss,train_model_preparation_time,train_accuracy,train_pos_precision,train_pos_recall,train_pos_f1,train_neg_precision,train_neg_recall,train_neg_f1,train_f1_macro,train_f1_micro,train_f1_weighted,train_runtime,train_samples_per_second,train_steps_per_second
0.7167207598686218,0.001,0.45034981833468457,0.6666666666666666,0.014642082429501085,0.02865481560095516,0.4476867894704845,0.9909170423198547,0.6167375054961161,0.3226961605485356,0.45034981833468457,0.2911138439140734,452.8971,73.533,2.299
