test_loss,test_accuracy,test_pos_precision,test_pos_recall,test_pos_f1,test_neg_precision,test_neg_recall,test_neg_f1,test_f1_macro,test_f1_micro,test_f1_weighted,test_runtime,test_samples_per_second,test_steps_per_second,epoch
0.6591920256614685,0.6156925540432346,0.6761200164406083,0.5923658624414836,0.6314779270633397,0.5583300819352321,0.6448850833708878,0.5984943538268507,0.6149861404450951,0.6156925540432346,0.6168280973972531,143.7433,34.756,1.092,3.0
