accuracy,pos_precision,pos_recall,pos_f1,neg_precision,neg_recall,neg_f1,f1_macro,f1_micro,f1_weighted
0.8420736589271417,0.8246244284781189,0.90925459128556,0.8648741222812125,0.8697001034126164,0.757999098693105,0.810016855285336,0.8374454887832743,0.8420736589271417,0.840508975070674
