accuracy,pos_precision,pos_recall,pos_f1,neg_precision,neg_recall,neg_f1,f1_macro,f1_micro,f1_weighted
0.6888755502200881,0.7106722106722106,0.7401660050523277,0.7251193211949797,0.6590909090909091,0.6250561293219578,0.6416224936621341,0.6833709074285569,0.6888755502200881,0.687914952464358
