accuracy,pos_precision,pos_recall,pos_f1,neg_precision,neg_recall,neg_f1,f1_macro,f1_micro,f1_weighted
0.6805444355484388,0.707703130495955,0.7245228664025928,0.7160142348754448,0.6446818392940084,0.6255069851284363,0.6349496797804208,0.6754819573279328,0.6805444355484388,0.6800089811212698
